-- phpMyAdmin SQL Dump
-- version 3.4.10.1deb1
-- http://www.phpmyadmin.net
--
-- Host: localhost
-- Generation Time: Dec 04, 2014 at 09:41 AM
-- Server version: 5.5.40
-- PHP Version: 5.4.35-1+deb.sury.org~precise+1

SET SQL_MODE="NO_AUTO_VALUE_ON_ZERO";
SET time_zone = "+00:00";


/*!40101 SET @OLD_CHARACTER_SET_CLIENT=@@CHARACTER_SET_CLIENT */;
/*!40101 SET @OLD_CHARACTER_SET_RESULTS=@@CHARACTER_SET_RESULTS */;
/*!40101 SET @OLD_COLLATION_CONNECTION=@@COLLATION_CONNECTION */;
/*!40101 SET NAMES utf8 */;

--
-- Database: `zend`
--

-- --------------------------------------------------------

--
-- Table structure for table `album`
--

CREATE TABLE IF NOT EXISTS `album` (
  `id` int(11) NOT NULL AUTO_INCREMENT,
  `artist` varchar(100) NOT NULL,
  `title` varchar(100) NOT NULL,
  PRIMARY KEY (`id`)
) ENGINE=InnoDB  DEFAULT CHARSET=latin1 AUTO_INCREMENT=3 ;

--
-- Dumping data for table `album`
--

INSERT INTO `album` (`id`, `artist`, `title`) VALUES
(1, 'Test Artists', 'Ebola alert: Government says situation under control'),
(2, 'pradeep Artis', 'Herbs, spices may help boost heart''s health');

-- --------------------------------------------------------

--
-- Table structure for table `category`
--

CREATE TABLE IF NOT EXISTS `category` (
  `id` int(11) NOT NULL AUTO_INCREMENT,
  `title` varchar(100) NOT NULL,
  PRIMARY KEY (`id`)
) ENGINE=InnoDB DEFAULT CHARSET=latin1 AUTO_INCREMENT=1 ;

-- --------------------------------------------------------

--
-- Table structure for table `post`
--

CREATE TABLE IF NOT EXISTS `post` (
  `id` int(11) NOT NULL AUTO_INCREMENT,
  `title` varchar(225) NOT NULL,
  `post` text NOT NULL,
  `user_id` int(11) NOT NULL,
  `status` int(1) NOT NULL DEFAULT '0',
  `images` varchar(225) DEFAULT NULL,
  `created` datetime NOT NULL,
  `modified` datetime DEFAULT NULL,
  PRIMARY KEY (`id`)
) ENGINE=InnoDB  DEFAULT CHARSET=latin1 AUTO_INCREMENT=54 ;

--
-- Dumping data for table `post`
--

INSERT INTO `post` (`id`, `title`, `post`, `user_id`, `status`, `images`, `created`, `modified`) VALUES
(1, 'Nokia N1 Android tablet vs iPad mini 3: A specs faceoff', 'Nokia has made a surprise comeback into the world of consumer tech devices with the launch of its new Android tablet, the Nokia N1.Nokia has made a surprise comeback into the world of consumer tech devices with the launch of its new Android tablet, the Nokia N1.Nokia has made a surprise comeback into the world of consumer tech devices with the launch of its new Android tablet, the Nokia N1.Nokia has made a surprise comeback into the world of consumer tech devices with the launch of its new Android tablet, the Nokia N1.Nokia has made a surprise comeback into the world of consumer tech devices with the launch of its new Android tablet, the Nokia N1.Nokia has made a surprise comeback into the world of consumer tech devices with the launch of its new Android tablet, the Nokia N1.Nokia has made a surprise comeback into the world of consumer tech devices with the launch of its new Android tablet, the Nokia N1.Nokia has made a surprise comeback into the world of consumer tech devices with the launch of its new Android tablet, the Nokia N1.Nokia has made a surprise comeback into the world of consumer tech devices with the launch of its new Android tablet, the Nokia N1.Nokia has made a surprise comeback into the world of consumer tech devices with the launch of its new Android tablet, the Nokia N1.Nokia has made a surprise comeback into the world of consumer tech devices with the launch of its new Android tablet, the Nokia N1.', 19, 0, 'qxhoxod3hyqf6mx5c8xikjaodxunzpy934ukzvttllp6lmetz1.jpeg', '2014-11-19 00:00:00', NULL),
(2, 'Specs, Processor and Connectivity ', ' The Nokia N1 comes with a 64-bit Intel Atom Z3580 processor clocked at 2.3GHz and coupled with 2GB of RAM. It also includes PowerVR G6430 GPU. The N1 offers 32GB onboard storage, but there is no microSD card slot to expand it further. The connectivity options include dual channel 802.11a/b/g/n/ac Wi-Fi with MIMO, microUSB 2.0 and Bluetooth 4.0.', 19, 0, 'qxhoxod3hyqf6mx5c8xikjaodxunzpy934ukzvttllp6lmetz1.jpeg', '2014-11-19 00:00:00', NULL),
(3, 'Ebola alert: Government says situation under control', 'Ebola alert: Government says situation under controlEbola alert: Government says situation under controlEbola alert: Government says situation under controlEbola alert: Government says situation under controlEbola alert: Government says situation under controlEbola alert: Government says situation under controlEbola alert: Government says situation under controlEbola alert: Government says situation under controlEbola alert: Government says situation under controlEbola alert: Government says situation under controlEbola alert: Government says situation under controlEbola alert: Government says situation under controlEbola alert: Government says situation under controlEbola alert: Government says situation under controlEbola alert: Government says situation under controlEbola alert: Government says situation under controlv', 19, 0, 'qxhoxod3hyqf6mx5c8xikjaodxunzpy934ukzvttllp6lmetz1.jpeg', '0000-00-00 00:00:00', NULL),
(4, 'Ebola alert: Government says situation under control', 'Ebola alert: Government says situation under controlEbola alert: Government says situation under controlEbola alert: Government says situation under controlEbola alert: Government says situation under controlEbola alert: Government says situation under controlEbola alert: Government says situation under controlEbola alert: Government says situation under controlEbola alert: Government says situation under controlEbola alert: Government says situation under controlEbola alert: Government says situation under controlEbola alert: Government says situation under controlEbola alert: Government says situation under controlEbola alert: Government says situation under controlEbola alert: Government says situation under controlEbola alert: Government says situation under controlEbola alert: Government says situation under controlv', 19, 0, 'qxhoxod3hyqf6mx5c8xikjaodxunzpy934ukzvttllp6lmetz1.jpeg', '0000-00-00 00:00:00', NULL),
(5, 'Ebola alert: Government says situation under control', 'Ebola alert: Government says situation under controlEbola alert: Government says situation under controlEbola alert: Government says situation under controlEbola alert: Government says situation under controlEbola alert: Government says situation under controlEbola alert: Government says situation under controlEbola alert: Government says situation under controlEbola alert: Government says situation under controlEbola alert: Government says situation under controlEbola alert: Government says situation under controlEbola alert: Government says situation under controlEbola alert: Government says situation under controlEbola alert: Government says situation under controlEbola alert: Government says situation under controlEbola alert: Government says situation under controlEbola alert: Government says situation under controlv', 19, 0, 'qxhoxod3hyqf6mx5c8xikjaodxunzpy934ukzvttllp6lmetz1.jpeg', '0000-00-00 00:00:00', NULL),
(6, 'Ebola alert: Government says situation under control', 'Ebola alert: Government says situation under controlEbola alert: Government says situation under controlEbola alert: Government says situation under controlEbola alert: Government says situation under controlEbola alert: Government says situation under controlEbola alert: Government says situation under controlEbola alert: Government says situation under controlEbola alert: Government says situation under controlEbola alert: Government says situation under controlEbola alert: Government says situation under controlEbola alert: Government says situation under controlEbola alert: Government says situation under controlEbola alert: Government says situation under controlEbola alert: Government says situation under controlEbola alert: Government says situation under controlEbola alert: Government says situation under controlv\r\n\r\nEbola alert: Government says situation under controlEbola alert: Government says situation under controlEbola alert: Government says situation under controlEbola alert: Government says situation under controlEbola alert: Government says situation under controlEbola alert: Government says situation under controlEbola alert: Government says situation under controlEbola alert: Government says situation under controlEbola alert: Government says situation under controlEbola alert: Government says situation under controlEbola alert: Government says situation under controlEbola alert: Government says situation under controlEbola alert: Government says situation under controlEbola alert: Government says situation under controlEbola alert: Government says situation under controlEbola alert: Government says situation under controlv\r\n\r\nEbola alert: Government says situation under controlEbola alert: Government says situation under controlEbola alert: Government says situation under controlEbola alert: Government says situation under controlEbola alert: Government says situation under controlEbola alert: Government says situation under controlEbola alert: Government says situation under controlEbola alert: Government says situation under controlEbola alert: Government says situation under controlEbola alert: Government says situation under controlEbola alert: Government says situation under controlEbola alert: Government says situation under controlEbola alert: Government says situation under controlEbola alert: Government says situation under controlEbola alert: Government says situation under controlEbola alert: Government says situation under controlv', 19, 0, 'qxhoxod3hyqf6mx5c8xikjaodxunzpy934ukzvttllp6lmetz1.jpeg', '0000-00-00 00:00:00', NULL),
(7, 'Ebola alert: Government says situation under control', 'Ebola alert: Government says situation under controlEbola alert: Government says situation under controlEbola alert: Government says situation under controlEbola alert: Government says situation under controlEbola alert: Government says situation under controlEbola alert: Government says situation under controlEbola alert: Government says situation under controlEbola alert: Government says situation under controlEbola alert: Government says situation under controlEbola alert: Government says situation under controlEbola alert: Government says situation under controlEbola alert: Government says situation under controlEbola alert: Government says situation under controlEbola alert: Government says situation under controlEbola alert: Government says situation under controlEbola alert: Government says situation under controlv', 19, 0, 'qxhoxod3hyqf6mx5c8xikjaodxunzpy934ukzvttllp6lmetz1.jpeg', '0000-00-00 00:00:00', NULL),
(8, 'Ebola alert: Government says situation under control', 'Ebola alert: Government says situation under controlEbola alert: Government says situation under controlEbola alert: Government says situation under controlEbola alert: Government says situation under controlEbola alert: Government says situation under controlEbola alert: Government says situation under controlEbola alert: Government says situation under controlEbola alert: Government says situation under controlEbola alert: Government says situation under controlEbola alert: Government says situation under controlEbola alert: Government says situation under controlEbola alert: Government says situation under controlEbola alert: Government says situation under controlEbola alert: Government says situation under controlEbola alert: Government says situation under controlEbola alert: Government says situation under controlv', 19, 0, 'qxhoxod3hyqf6mx5c8xikjaodxunzpy934ukzvttllp6lmetz1.jpeg', '0000-00-00 00:00:00', NULL),
(9, 'Ebola alert: Government says situation under control', 'Ebola alert: Government says situation under controlEbola alert: Government says situation under controlEbola alert: Government says situation under controlEbola alert: Government says situation under controlEbola alert: Government says situation under controlEbola alert: Government says situation under controlEbola alert: Government says situation under controlEbola alert: Government says situation under controlEbola alert: Government says situation under controlEbola alert: Government says situation under controlEbola alert: Government says situation under controlEbola alert: Government says situation under controlEbola alert: Government says situation under controlEbola alert: Government says situation under controlEbola alert: Government says situation under controlEbola alert: Government says situation under controlv', 19, 0, 'qxhoxod3hyqf6mx5c8xikjaodxunzpy934ukzvttllp6lmetz1.jpeg', '0000-00-00 00:00:00', NULL),
(10, 'Ebola alert: Government says situation under control', 'Ebola alert: Government says situation under controlEbola alert: Government says situation under controlEbola alert: Government says situation under controlEbola alert: Government says situation under controlEbola alert: Government says situation under controlEbola alert: Government says situation under controlEbola alert: Government says situation under controlEbola alert: Government says situation under controlEbola alert: Government says situation under controlEbola alert: Government says situation under controlEbola alert: Government says situation under controlEbola alert: Government says situation under controlEbola alert: Government says situation under controlEbola alert: Government says situation under controlEbola alert: Government says situation under controlEbola alert: Government says situation under controlv', 19, 0, 'qxhoxod3hyqf6mx5c8xikjaodxunzpy934ukzvttllp6lmetz1.jpeg', '0000-00-00 00:00:00', NULL),
(11, 'Ebola alert: Government says situation under control', 'Ebola alert: Government says situation under controlEbola alert: Government says situation under controlEbola alert: Government says situation under controlEbola alert: Government says situation under controlEbola alert: Government says situation under controlEbola alert: Government says situation under controlEbola alert: Government says situation under controlEbola alert: Government says situation under controlEbola alert: Government says situation under controlEbola alert: Government says situation under controlEbola alert: Government says situation under controlEbola alert: Government says situation under controlEbola alert: Government says situation under controlEbola alert: Government says situation under controlEbola alert: Government says situation under controlEbola alert: Government says situation under controlv', 19, 0, 'qxhoxod3hyqf6mx5c8xikjaodxunzpy934ukzvttllp6lmetz1.jpeg', '0000-00-00 00:00:00', NULL),
(12, 'Ebola alert: Government says situation under control', 'Ebola alert: Government says situation under controlEbola alert: Government says situation under controlEbola alert: Government says situation under controlEbola alert: Government says situation under controlEbola alert: Government says situation under controlEbola alert: Government says situation under controlEbola alert: Government says situation under controlEbola alert: Government says situation under controlEbola alert: Government says situation under controlEbola alert: Government says situation under controlEbola alert: Government says situation under controlEbola alert: Government says situation under controlEbola alert: Government says situation under controlEbola alert: Government says situation under controlEbola alert: Government says situation under controlEbola alert: Government says situation under controlv', 19, 0, 'qxhoxod3hyqf6mx5c8xikjaodxunzpy934ukzvttllp6lmetz1.jpeg', '0000-00-00 00:00:00', NULL),
(13, 'Ebola alert: Government says situation under control', 'Ebola alert: Government says situation under controlEbola alert: Government says situation under controlEbola alert: Government says situation under controlEbola alert: Government says situation under controlEbola alert: Government says situation under controlEbola alert: Government says situation under controlEbola alert: Government says situation under controlEbola alert: Government says situation under controlEbola alert: Government says situation under controlEbola alert: Government says situation under controlEbola alert: Government says situation under controlEbola alert: Government says situation under controlEbola alert: Government says situation under controlEbola alert: Government says situation under controlEbola alert: Government says situation under controlEbola alert: Government says situation under controlv', 19, 0, 'qxhoxod3hyqf6mx5c8xikjaodxunzpy934ukzvttllp6lmetz1.jpeg', '0000-00-00 00:00:00', NULL),
(14, 'Ebola alert: Government says situation under control', 'Ebola alert: Government says situation under controlEbola alert: Government says situation under controlEbola alert: Government says situation under controlEbola alert: Government says situation under controlEbola alert: Government says situation under controlEbola alert: Government says situation under controlEbola alert: Government says situation under controlEbola alert: Government says situation under controlEbola alert: Government says situation under controlEbola alert: Government says situation under controlEbola alert: Government says situation under controlEbola alert: Government says situation under controlEbola alert: Government says situation under controlEbola alert: Government says situation under controlEbola alert: Government says situation under controlEbola alert: Government says situation under controlv', 19, 0, 'qxhoxod3hyqf6mx5c8xikjaodxunzpy934ukzvttllp6lmetz1.jpeg', '0000-00-00 00:00:00', NULL),
(16, 'Ebola alert: Government says situation under control', 'Ebola alert: Government says situation under controlEbola alert: Government says situation under controlEbola alert: Government says situation under controlEbola alert: Government says situation under controlEbola alert: Government says situation under controlEbola alert: Government says situation under controlEbola alert: Government says situation under controlEbola alert: Government says situation under controlEbola alert: Government says situation under controlEbola alert: Government says situation under controlEbola alert: Government says situation under controlEbola alert: Government says situation under controlEbola alert: Government says situation under controlEbola alert: Government says situation under controlEbola alert: Government says situation under controlEbola alert: Government says situation under controlv', 19, 0, 'qxhoxod3hyqf6mx5c8xikjaodxunzpy934ukzvttllp6lmetz1.jpeg', '0000-00-00 00:00:00', NULL),
(17, 'Ebola alert: Government says situation under control', 'Ebola alert: Government says situation under controlEbola alert: Government says situation under controlEbola alert: Government says situation under controlEbola alert: Government says situation under controlEbola alert: Government says situation under controlEbola alert: Government says situation under controlEbola alert: Government says situation under controlEbola alert: Government says situation under controlEbola alert: Government says situation under controlEbola alert: Government says situation under controlEbola alert: Government says situation under controlEbola alert: Government says situation under controlEbola\r\n alert: Government says situation under controlEbola alert: Government says situation under controlEbola alert: Government says situation under controlEbola alert: Government says situation under controlEbola alert: Government says situation under controlEbola alert: Government says situation under controlEbola alert: Government says situation under controlEbola alert: Government says situation under controlEbola alert: Government says situation under controlEbola alert: Government says situation under controlEbola alert: Government says situation under contr\r\nolEbola alert: Government says situation under con\r\n\r\ntrolEbola alert: Government says situation under controlEbola alert: Government says situation under controlEbola alert: Government says situation under controlEbola alert: Government says situation under controlEbola \r\nalert: Government says situation under controlEbola alert: Government says situation under controlEbola alert: Government says situation under controlEbola alert: Government says situation under controlEbola alert: Government says situation under controlEbola alert: Government says situation under controlEbola alert: Government says situation under controlEbola alert: Government says situation under controlEbola alert: Government says situation under controlEbola alert: Government says situation under controlEbola alert: Government says situation under controlEbola alert: Government says situation under controlEbola alert: Government says situation under control', 19, 0, 'qxhoxod3hyqf6mx5c8xikjaodxunzpy934ukzvttllp6lmetz1.jpeg', '0000-00-00 00:00:00', NULL),
(18, 'Ebola alert: Government says situation under control', 'Ebola alert: Government says situation under controlEbola alert: Government says situation under controlEbola alert: Government says situation under controlEbola alert: Government says situation under controlEbola alert: Government says situation under controlEbola alert: Government says situation under controlEbola alert: Government says situation under controlEbola alert: Government says situation under controlEbola alert: Government says situation under controlEbola alert: Government says situation under controlEbola alert: Government says situation under controlEbola alert: Government says situation under controlEbola alert: Government says situation under controlEbola alert: Government says situation under controlv\r\n\r\n\r\nEbola alert: Government says situation under controlEbola alert: Government says situation under controlEbola alert: Government says situation under controlEbola alert: Government says situation under controlEbola alert: Government says situation under controlEbola alert: Government says situation under controlEbola alert: Government says situation under controlEbola alert: Government says situation under controlEbola alert: Government says situation under controlEbola alert: Government says situation under controlEbola alert: Government says situation under controlEbola alert: Government says situation under controlEbola alert: Government says situation under controlEbola alert: Government says situation under controlv\r\n\r\n\r\n\r\nEbola alert: Government says situation under controlEbola alert: Government says situation under controlEbola alert: Government says situation under controlEbola alert: Government says situation under controlEbola alert: Government says situation under controlEbola alert: Government says situation under controlEbola alert: Government says situation under controlEbola alert: Government says situation under controlEbola alert: Government says situation under controlEbola alert: Government says situation under controlEbola alert: Government says situation under controlEbola alert: Government says situation under controlEbola alert: Government says situation under controlEbola alert: Government says situation under controlv', 19, 0, 'qxhoxod3hyqf6mx5c8xikjaodxunzpy934ukzvttllp6lmetz1.jpeg', '0000-00-00 00:00:00', NULL),
(19, 'Ebola alert: Government says situation under control', 'Ebola alert: Government says situation under controlEbola alert: Government says situation under controlEbola alert: Government says situation under controlEbola alert: Government says situation under controlEbola alert: Government says situation under controlEbola alert: Government says situation under controlEbola alert: Government says situation under controlEbola alert: Government says situation under controlEbola alert: Government says situation under controlEbola alert: Government says situation under controlEbola alert: Government says situation under controlv\r\n\r\n\r\nEbola alert: Government says situation under controlEbola alert: Government says situation under controlEbola alert: Government says situation under controlEbola alert: Government says situation under controlEbola alert: Government says situation under controlEbola alert: Government says situation under controlEbola alert: Government says situation under controlEbola alert: Government says situation under controlEbola alert: Government says situation under controlEbola alert: Government says situation under controlEbola alert: Government says situation under controlEbola alert: Government says situation under controlEbola alert: Government says situation under controlEbola alert: Government says situation under controlEbola alert: Government says situation under controlEbola alert: Government says situation under controlv\r\n\r\n\r\nEbola alert: Government says situation under controlEbola alert: Government says situation under controlEbola alert: Government says situation under controlEbola alert: Government says situation under controlEbola alert: Government says situation under controlEbola alert: Government says situation under controlEbola alert: Government says situation under controlEbola alert: Government says situation under controlEbola alert: Government says situation under controlEbola alert: Government says situation under controlEbola alert: Government says situation under controlEbola alert: Government says situation under controlEbola alert: Government says situation under controlEbola alert: Government says situation under controlEbola alert: Government says situation under controlEbola alert: Government says situation under controlEbola alert: Government says situation under controlEbola alert: Government says situation under controlEbola alert: Government says situation under controlEbola alert: Government says situation under controlEbola alert: Government says situation under controlEbola alert: Government says situation under controlv', 19, 0, 'qxhoxod3hyqf6mx5c8xikjaodxunzpy934ukzvttllp6lmetz1.jpeg', '0000-00-00 00:00:00', NULL),
(20, 'Ebola alert: Government says situation under control', 'Ebola alert: Government says situation under controlEbola alert: Government says situation under controlEbola alert: Government says situation under controlEbola alert: Government says situation under controlvv\r\n\r\nEbola alert: Government says situation under controlEbola alert: Government says situation under controlEbola alert: Government says situation under controlEbola alert: Government says situation under controlEbola alert: Government says situation under controlEbola alert: Government says situation under controlEbola alert: Government says situation under controlEbola alert: Government says situation under controlEbola alert: Government says situation under controlEbola alert: Government says situation under controlEbola alert: Government says situation under controlEbola alert: Government says situation under controlEbola alert: Government says situation under controlEbola alert: Government says situation under controlEbola alert: Government says situation under controlEbola alert: Government says situation under controlEbola alert: Government says situation under controlEbola alert: Government says situation under controlEbola alert: Government says situation under controlEbola alert: Government says situation under controlEbola alert: Government says situation under controlv\r\n\r\nEbola alert: Government says situation under controlEbola alert: Government says situation under controlEbola alert: Government says situation under controlEbola alert: Government says situation under controlEbola alert: Government says situation under controlEbola alert: Government says situation under controlEbola alert: Government says situation under controlEbola alert: Government says situation under controlEbola alert: Government says situation under controlv', 19, 0, 'qxhoxod3hyqf6mx5c8xikjaodxunzpy934ukzvttllp6lmetz1.jpeg', '0000-00-00 00:00:00', NULL),
(21, 'Ebola alert: Government says situation under control', 'Ebola alert: Government says situation under controlEbola alert: Government says situation under controlEbola alert: Government says situation under controlEbola alert: Government says situation under controlEbola alert: Government says situation under controlEbola alert: Government says situation under controlEbola alert: Government says situation under controlEbola alert: Government says situation under controlEbola alert: Government says situation under controlv\r\n\r\n\r\nEbola alert: Government says situation under controlEbola alert: Government says situation under controlEbola alert: Government says situation under controlEbola alert: Government says situation under controlEbola alert: Government says situation under controlEbola alert: Government says situation under controlEbola alert: Government says situation under controlEbola alert: Government says situation under controlEbola alert: Government says situation under controlEbola alert: Government says situation under controlEbola alert: Government says situation under controlvv\r\n\r\n\r\nEbola alert: Government says situation under controlEbola alert: Government says situation under controlEbola alert: Government says situation under controlEbola alert: Government says situation under controlEbola alert: Government says situation under controlEbola alert: Government says situation under controlEbola alert: Government says situation under controlEbola alert: Government says situation under controlvvv', 19, 0, 'qxhoxod3hyqf6mx5c8xikjaodxunzpy934ukzvttllp6lmetz1.jpeg', '0000-00-00 00:00:00', NULL),
(22, 'Herbs, spices may help boost heart''s health', 'Herbs, spices may help boost heart''s healthHerbs, spices may help boost heart''s healthHerbs, spices may help boost heart''s healthHerbs, spices may help boost heart''s healthHerbs, spices may help boost heart''s healthHerbs, spices may help boost heart''s healthHerbs, spices may help boost heart''s healthHerbs, spices may help boost heart''s healthHerbs, spices may help boost heart''s healthHerbs, spices may help boost heart''s health\r\n\r\nHerbs, spices may help boost heart''s healthHerbs, spices may help boost heart''s healthHerbs, spices may help boost heart''s healthHerbs, spices may help boost heart''s healthHerbs, spices may help boost heart''s healthHerbs, spices may help boost heart''s healthHerbs, spices may help boost heart''s healthHerbs, spices may help boost heart''s healthHerbs, spices may help boost heart''s healthHerbs, spices may help boost heart''s healthHerbs, spices may help boost heart''s healthHerbs, spices may help boost heart''s healthv', 19, 0, 'qxhoxod3hyqf6mx5c8xikjaodxunzpy934ukzvttllp6lmetz1.jpeg', '0000-00-00 00:00:00', NULL),
(23, 'Ebola alert: Government says situation under control', 'zEbola alert: Government says situation under controlEbola alert: Government says situation under controlEbola alert: Government says situation under controlEbola alert: Government says situation under controlEbola alert: Government says situation under controlEbola alert: Government says situation under controlEbola alert: Government says situation under controlEbola alert: Government says situation under controlEbola alert: Government says situation under controlEbola alert: Government says situation under controlEbola alert: Government says situation under controlEbola alert: Government says situation under controlEbola alert: Government says situation under controlEbola alert: Government says situation under controlEbola alert: Government says situation under controlEbola alert: Government says situation under control\r\n\r\nEbola alert: Government says situation under controlEbola alert: Government says situation under controlEbola alert: Government says situation under controlEbola alert: Government says situation under controlEbola alert: Government says situation under controlEbola alert: Government says situation under controlEbola alert: Government says situation under controlEbola alert: Government says situation under controlEbola alert: Government says situation under controlEbola alert: Government says situation under controlv', 19, 0, 'qxhoxod3hyqf6mx5c8xikjaodxunzpy934ukzvttllp6lmetz1.jpeg', '0000-00-00 00:00:00', NULL),
(24, 'Herbs, spices may help boost heart''s health', 'Herbs, spices may help boost heart''s healthHerbs, spices may help boost heart''s healthHerbs, spices may help boost heart''s healthHerbs, spices may help boost heart''s healthHerbs, spices may help boost heart''s healthHerbs, spices may help boost heart''s healthHerbs, spices may help boost heart''s healthHerbs, spices may help boost heart''s healthv\r\n\r\n\r\nHerbs, spices may help boost heart''s healthHerbs, spices may help boost heart''s healthHerbs, spices may help boost heart''s healthHerbs, spices may help boost heart''s healthHerbs, spices may help boost heart''s healthHerbs, spices may help boost heart''s healthHerbs, spices may help boost heart''s healthHerbs, spices may help boost heart''s healthHerbs, spices may help boost heart''s healthHerbs, spices may help boost heart''s healthHerbs, spices may help boost heart''s healthHerbs, spices may help boost heart''s healthv\r\n\r\n\r\nHerbs, spices may help boost heart''s healthHerbs, spices may help boost heart''s healthHerbs, spices may help boost heart''s healthHerbs, spices may help boost heart''s healthHerbs, spices may help boost heart''s healthHerbs, spices may help boost heart''s healthHerbs, spices may help boost heart''s healthHerbs, spices may help boost heart''s healthHerbs, spices may help boost heart''s healthHerbs, spices may help boost heart''s healthHerbs, spices may help boost heart''s healthHerbs, spices may help boost heart''s healthvv', 19, 0, 'qxhoxod3hyqf6mx5c8xikjaodxunzpy934ukzvttllp6lmetz1.jpeg', '0000-00-00 00:00:00', NULL),
(25, 'Tabloid Miss Honduras Alvarado shot dead by sister''s jealous boyfriend', 'Tabloid Miss Honduras Alvarado shot dead by sister''s jealous boyfriendTabloid Miss Honduras Alvarado shot dead by sister''s jealous boyfriendTabloid Miss Honduras Alvarado shot dead by sister''s jealous boyfriendTabloid Miss Honduras Alvarado shot dead by sister''s jealous boyfriendTabloid Miss Honduras Alvarado shot dead by sister''s jealous boyfriendTabloid Miss Honduras Alvarado shot dead by sister''s jealous boyfriendTabloid Miss Honduras Alvarado shot dead by sister''s jealous boyfriendTabloid Miss Honduras Alvarado shot dead by sister''s jealous boyfriendTabloid Miss Honduras Alvarado shot dead by sister''s jealous boyfriendTabloid Miss Honduras Alvarado shot dead by sister''s jealous boyfriendTabloid Miss Honduras Alvarado shot dead by sister''s jealous boyfriendTabloid Miss Honduras Alvarado shot dead by sister''s jealous boyfriendv\r\n\r\nTabloid Miss Honduras Alvarado shot dead by sister''s jealous boyfriendTabloid Miss Honduras Alvarado shot dead by sister''s jealous boyfriendTabloid Miss Honduras Alvarado shot dead by sister''s jealous boyfriendTabloid Miss Honduras Alvarado shot dead by sister''s jealous boyfriendTabloid Miss Honduras Alvarado shot dead by sister''s jealous boyfriendTabloid Miss Honduras Alvarado shot dead by sister''s jealous boyfriendTabloid Miss Honduras Alvarado shot dead by sister''s jealous boyfriendTabloid Miss Honduras Alvarado shot dead by sister''s jealous boyfriendTabloid Miss Honduras Alvarado shot dead by sister''s jealous boyfriendTabloid Miss Honduras Alvarado shot dead by sister''s jealous boyfriendTabloid Miss Honduras Alvarado shot dead by sister''s jealous boyfriendTabloid Miss Honduras Alvarado shot dead by sister''s jealous boyfriendTabloid Miss Honduras Alvarado shot dead by sister''s jealous boyfriend\r\n\r\n', 19, 0, 'qxhoxod3hyqf6mx5c8xikjaodxunzpy934ukzvttllp6lmetz1.jpeg', '0000-00-00 00:00:00', NULL),
(26, 'Tabloid Miss Honduras Alvarado shot dead by sister''s jealous boyfriend', 'Tabloid Miss Honduras Alvarado shot dead by sister''s jealous boyfriendTabloid Miss Honduras Alvarado shot dead by sister''s jealous boyfriendTabloid Miss Honduras Alvarado shot dead by sister''s jealous boyfriendTabloid Miss Honduras Alvarado shot dead by sister''s jealous boyfriendTabloid Miss Honduras Alvarado shot dead by sister''s jealous boyfriendTabloid Miss Honduras Alvarado shot dead by sister''s jealous boyfriendTabloid Miss Honduras Alvarado shot dead by sister''s jealous boyfriendTabloid Miss Honduras Alvarado shot dead by sister''s jealous boyfriendTabloid Miss Honduras Alvarado shot dead by sister''s jealous boyfriendTabloid Miss Honduras Alvarado shot dead by sister''s jealous boyfriendTabloid Miss Honduras Alvarado shot dead by sister''s jealous boyfriendTabloid Miss Honduras Alvarado shot dead by sister''s jealous boyfriendTabloid Miss Honduras Alvarado shot dead by sister''s jealous boyfriendvvv\r\n\r\nTabloid Miss Honduras Alvarado shot dead by sister''s jealous boyfriendTabloid Miss Honduras Alvarado shot dead by sister''s jealous boyfriendTabloid Miss Honduras Alvarado shot dead by sister''s jealous boyfriendTabloid Miss Honduras Alvarado shot dead by sister''s jealous boyfriendTabloid Miss Honduras Alvarado shot dead by sister''s jealous boyfriendTabloid Miss Honduras Alvarado shot dead by sister''s jealous boyfriendTabloid Miss Honduras Alvarado shot dead by sister''s jealous boyfriendTabloid Miss Honduras Alvarado shot dead by sister''s jealous boyfriendTabloid Miss Honduras Alvarado shot dead by sister''s jealous boyfriendTabloid Miss Honduras Alvarado shot dead by sister''s jealous boyfriendTabloid Miss Honduras Alvarado shot dead by sister''s jealous boyfriendTabloid Miss Honduras Alvarado shot dead by sister''s jealous boyfriend', 19, 0, 'qxhoxod3hyqf6mx5c8xikjaodxunzpy934ukzvttllp6lmetz1.jpeg', '0000-00-00 00:00:00', NULL),
(27, 'Tabloid Miss Honduras Alvarado shot dead by sister''s jealous boyfriend', 'Tabloid Miss Honduras Alvarado shot dead by sister''s jealous boyfriendTabloid Miss Honduras Alvarado shot dead by sister''s jealous boyfriendTabloid Miss Honduras Alvarado shot dead by sister''s jealous boyfriendTabloid Miss Honduras Alvarado shot dead by sister''s jealous boyfriendTabloid Miss Honduras Alvarado shot dead by sister''s jealous boyfriendTabloid Miss Honduras Alvarado shot dead by sister''s jealous boyfriendTabloid Miss Honduras Alvarado shot dead by sister''s jealous boyfriendTabloid Miss Honduras Alvarado shot dead by sister''s jealous boyfriendTabloid Miss Honduras Alvarado shot dead by sister''s jealous boyfriendTabloid Miss Honduras Alvarado shot dead by sister''s jealous boyfriendv\r\n\r\nTabloid Miss Honduras Alvarado shot dead by sister''s jealous boyfriendTabloid Miss Honduras Alvarado shot dead by sister''s jealous boyfriendTabloid Miss Honduras Alvarado shot dead by sister''s jealous boyfriendTabloid Miss Honduras Alvarado shot dead by sister''s jealous boyfriendTabloid Miss Honduras Alvarado shot dead by sister''s jealous boyfriendTabloid Miss Honduras Alvarado shot dead by sister''s jealous boyfriendTabloid Miss Honduras Alvarado shot dead by sister''s jealous boyfriendTabloid Miss Honduras Alvarado shot dead by sister''s jealous boyfriendTabloid Miss Honduras Alvarado shot dead by sister''s jealous boyfriendTabloid Miss Honduras Alvarado shot dead by sister''s jealous boyfriendTabloid Miss Honduras Alvarado shot dead by sister''s jealous boyfriendTabloid Miss Honduras Alvarado shot dead by sister''s jealous boyfriendTabloid Miss Honduras Alvarado shot dead by sister''s jealous boyfriendTabloid Miss Honduras Alvarado shot dead by sister''s jealous boyfriendv', 19, 0, 'qxhoxod3hyqf6mx5c8xikjaodxunzpy934ukzvttllp6lmetz1.jpeg', '0000-00-00 00:00:00', NULL),
(28, 'Ebola alert: Government says situation under control', 'sadasd', 19, 0, 'qxhoxod3hyqf6mx5c8xikjaodxunzpy934ukzvttllp6lmetz1.jpeg', '0000-00-00 00:00:00', NULL),
(29, 'Ebola alert: Government says situation under control', 'sadasdEbola alert: Government says situation under controlEbola alert: Government says situation under controlEbola alert: Government says situation under controlEbola alert: Government says situation under controlEbola alert: Government says situation under controlEbola alert: Government says situation under controlEbola alert: Government says situation under controlEbola alert: Government says situation under controlv\r\nEbola alert: Government says situation under controlEbola alert: Government says situation under controlEbola alert: Government says situation under controlEbola alert: Government says situation under controlEbola alert: Government says situation under controlEbola alert: Government says situation under controlEbola alert: Government says situation under controlEbola alert: Government says situation under controlEbola alert: Government says situation under controlvv\r\nEbola alert: Government says situation under controlEbola alert: Government says situation under controlEbola alert: Government says situation under controlEbola alert: Government says situation under controlEbola alert: Government says situation under controlEbola alert: Government says situation under controlEbola alert: Government says situation under controlv', 19, 0, 'qxhoxod3hyqf6mx5c8xikjaodxunzpy934ukzvttllp6lmetz1.jpeg', '0000-00-00 00:00:00', NULL),
(30, 'Herbs, spices may help boost heart''s health', 'Herbs, spices may help boost heart''s healthHerbs, spices may help boost heart''s healthHerbs, spices may help boost heart''s healthHerbs, spices may help boost heart''s healthHerbs, spices may help boost heart''s healthHerbs, spices may help boost heart''s healthHerbs, spices may help boost heart''s healthHerbs, spices may help boost heart''s healthHerbs, spices may help boost heart''s healthHerbs, spices may help boost heart''s healthHerbs, spices may help boost heart''s healthv\r\n\r\n\r\nHerbs, spices may help boost heart''s healthHerbs, spices may help boost heart''s healthHerbs, spices may help boost heart''s healthHerbs, spices may help boost heart''s healthHerbs, spices may help boost heart''s healthHerbs, spices may help boost heart''s healthHerbs, spices may help boost heart''s healthHerbs, spices may help boost heart''s healthHerbs, spices may help boost heart''s healthHerbs, spices may help boost heart''s healthHerbs, spices may help boost heart''s healthHerbs, spices may help boost heart''s healthHerbs, spices may help boost heart''s healthHerbs, spices may help boost heart''s health\r\n\r\nHerbs, spices may help boost heart''s healthHerbs, spices may help boost heart''s healthHerbs, spices may help boost heart''s healthHerbs, spices may help boost heart''s healthHerbs, spices may help boost heart''s healthHerbs, spices may help boost heart''s healthHerbs, spices may help boost heart''s healthHerbs, spices may help boost heart''s healthHerbs, spices may help boost heart''s healthHerbs, spices may help boost heart''s healthvvvv', 19, 0, 'qxhoxod3hyqf6mx5c8xikjaodxunzpy934ukzvttllp6lmetz1.jpeg', '0000-00-00 00:00:00', NULL),
(31, 'Tabloid Miss Honduras Alvarado shot dead by sister''s jealous boyfriend', 'Tabloid Miss Honduras Alvarado shot dead by sister''s jealous boyfriendTabloid Miss Honduras Alvarado shot dead by sister''s jealous boyfriendTabloid Miss Honduras Alvarado shot dead by sister''s jealous boyfriendTabloid Miss Honduras Alvarado shot dead by sister''s jealous boyfriendTabloid Miss Honduras Alvarado shot dead by sister''s jealous boyfriendTabloid Miss Honduras Alvarado shot dead by sister''s jealous boyfriendTabloid Miss Honduras Alvarado shot dead by sister''s jealous boyfriendTabloid Miss Honduras Alvarado shot dead by sister''s jealous boyfriendTabloid Miss Honduras Alvarado shot dead by sister''s jealous boyfriendTabloid Miss Honduras Alvarado shot dead by sister''s jealous boyfriendTabloid Miss Honduras Alvarado shot dead by sister''s jealous boyfriendvv\r\n\r\n\r\nTabloid Miss Honduras Alvarado shot dead by sister''s jealous boyfriendTabloid Miss Honduras Alvarado shot dead by sister''s jealous boyfriendTabloid Miss Honduras Alvarado shot dead by sister''s jealous boyfriendTabloid Miss Honduras Alvarado shot dead by sister''s jealous boyfriendTabloid Miss Honduras Alvarado shot dead by sister''s jealous boyfriendTabloid Miss Honduras Alvarado shot dead by sister''s jealous boyfriendTabloid Miss Honduras Alvarado shot dead by sister''s jealous boyfriendTabloid Miss Honduras Alvarado shot dead by sister''s jealous boyfriendTabloid Miss Honduras Alvarado shot dead by sister''s jealous boyfriendTabloid Miss Honduras Alvarado shot dead by sister''s jealous boyfriendTabloid Miss Honduras Alvarado shot dead by sister''s jealous boyfriendTabloid Miss Honduras Alvarado shot dead by sister''s jealous boyfriendTabloid Miss Honduras Alvarado shot dead by sister''s jealous boyfriendTabloid Miss Honduras Alvarado shot dead by sister''s jealous boyfriendTabloid Miss Honduras Alvarado shot dead by sister''s jealous boyfriend\r\n\r\n\r\nTabloid Miss Honduras Alvarado shot dead by sister''s jealous boyfriendTabloid Miss Honduras Alvarado shot dead by sister''s jealous boyfriendTabloid Miss Honduras Alvarado shot dead by sister''s jealous boyfriendTabloid Miss Honduras Alvarado shot dead by sister''s jealous boyfriendTabloid Miss Honduras Alvarado shot dead by sister''s jealous boyfriendTabloid Miss Honduras Alvarado shot dead by sister''s jealous boyfriendTabloid Miss Honduras Alvarado shot dead by sister''s jealous boyfriendTabloid Miss Honduras Alvarado shot dead by sister''s jealous boyfriendvvvv', 19, 0, 'qxhoxod3hyqf6mx5c8xikjaodxunzpy934ukzvttllp6lmetz1.jpeg', '0000-00-00 00:00:00', NULL),
(32, 'Ebola alert: Government says situation under control', 'Ebola alert: Government says situation under controlEbola alert: Government says situation under controlEbola alert: Government says situation under controlEbola alert: Government says situation under controlEbola alert: Government says situation under controlEbola alert: Government says situation under controlEbola alert: Government says situation under controlEbola alert: Government says situation under controlEbola alert: Government says situation under controlEbola alert: Government says situation under controlEbola alert: Government says situation under controlEbola alert: Government says situation under controlEbola alert: Government says situation under controlEbola alert: Government says situation under controlEbola alert: Government says situation under controlEbola alert: Government says situation under controlEbola alert: Government says situation under controlEbola alert: Government says situation under controlEbola alert: Government says situation under controlEbola alert: Government says situation under controlEbola alert: Government says situation under controlEbola alert: Government says situation under control\r\n\r\n\r\nEbola alert: Government says situation under controlEbola alert: Government says situation under controlEbola alert: Government says situation under controlEbola alert: Government says situation under controlEbola alert: Government says situation under controlEbola alert: Government says situation under controlEbola alert: Government says situation under controlEbola alert: Government says situation under controlEbola alert: Government says situation under controlEbola alert: Government says situation under controlEbola alert: Government says situation under controlEbola alert: Government says situation under controlEbola alert: Government says situation under controlv', 19, 0, 'qxhoxod3hyqf6mx5c8xikjaodxunzpy934ukzvttllp6lmetz1.jpeg', '0000-00-00 00:00:00', NULL),
(33, 'Tabloid Miss Honduras Alvarado shot dead by sister''s jealous boyfriend', 'Tabloid Miss Honduras Alvarado shot dead by sister''s jealous boyfriendTabloid Miss Honduras Alvarado shot dead by sister''s jealous boyfriendTabloid Miss Honduras Alvarado shot dead by sister''s jealous boyfriendTabloid Miss Honduras Alvarado shot dead by sister''s jealous boyfriendTabloid Miss Honduras Alvarado shot dead by sister''s jealous boyfriendTabloid Miss Honduras Alvarado shot dead by sister''s jealous boyfriendTabloid Miss Honduras Alvarado shot dead by sister''s jealous boyfriendTabloid Miss Honduras Alvarado shot dead by sister''s jealous boyfriendv\r\n\r\nTabloid Miss Honduras Alvarado shot dead by sister''s jealous boyfriendTabloid Miss Honduras Alvarado shot dead by sister''s jealous boyfriendTabloid Miss Honduras Alvarado shot dead by sister''s jealous boyfriendTabloid Miss Honduras Alvarado shot dead by sister''s jealous boyfriendTabloid Miss Honduras Alvarado shot dead by sister''s jealous boyfriendTabloid Miss Honduras Alvarado shot dead by sister''s jealous boyfriendTabloid Miss Honduras Alvarado shot dead by sister''s jealous boyfriendTabloid Miss Honduras Alvarado shot dead by sister''s jealous boyfriendTabloid Miss Honduras Alvarado shot dead by sister''s jealous boyfriendTabloid Miss Honduras Alvarado shot dead by sister''s jealous boyfriend\r\n\r\nTabloid Miss Honduras Alvarado shot dead by sister''s jealous boyfriendTabloid Miss Honduras Alvarado shot dead by sister''s jealous boyfriendTabloid Miss Honduras Alvarado shot dead by sister''s jealous boyfriendTabloid Miss Honduras Alvarado shot dead by sister''s jealous boyfriendTabloid Miss Honduras Alvarado shot dead by sister''s jealous boyfriendTabloid Miss Honduras Alvarado shot dead by sister''s jealous boyfriendTabloid Miss Honduras Alvarado shot dead by sister''s jealous boyfriendTabloid Miss Honduras Alvarado shot dead by sister''s jealous boyfriendTabloid Miss Honduras Alvarado shot dead by sister''s jealous boyfriendTabloid Miss Honduras Alvarado shot dead by sister''s jealous boyfriendTabloid Miss Honduras Alvarado shot dead by sister''s jealous boyfriendTabloid Miss Honduras Alvarado shot dead by sister''s jealous boyfriendTabloid Miss Honduras Alvarado shot dead by sister''s jealous boyfriendv', 19, 0, 'qxhoxod3hyqf6mx5c8xikjaodxunzpy934ukzvttllp6lmetz1.jpeg', '0000-00-00 00:00:00', NULL),
(34, 'Tabloid Miss Honduras Alvarado shot dead by sister''s jealous boyfriend', 'Tabloid Miss Honduras Alvarado shot dead by sister''s jealous boyfriendTabloid Miss Honduras Alvarado shot dead by sister''s jealous boyfriendTabloid Miss Honduras Alvarado shot dead by sister''s jealous boyfriendTabloid Miss Honduras Alvarado shot dead by sister''s jealous boyfriendTabloid Miss Honduras Alvarado shot dead by sister''s jealous boyfriendTabloid Miss Honduras Alvarado shot dead by sister''s jealous boyfriendTabloid Miss Honduras Alvarado shot dead by sister''s jealous boyfriendTabloid Miss Honduras Alvarado shot dead by sister''s jealous boyfriendTabloid Miss Honduras Alvarado shot dead by sister''s jealous boyfriendTabloid Miss Honduras Alvarado shot dead by sister''s jealous boyfriendv\r\n\r\nTabloid Miss Honduras Alvarado shot dead by sister''s jealous boyfriendTabloid Miss Honduras Alvarado shot dead by sister''s jealous boyfriendTabloid Miss Honduras Alvarado shot dead by sister''s jealous boyfriendTabloid Miss Honduras Alvarado shot dead by sister''s jealous boyfriendTabloid Miss Honduras Alvarado shot dead by sister''s jealous boyfriendTabloid Miss Honduras Alvarado shot dead by sister''s jealous boyfriendTabloid Miss Honduras Alvarado shot dead by sister''s jealous boyfriendTabloid Miss Honduras Alvarado shot dead by sister''s jealous boyfriendTabloid Miss Honduras Alvarado shot dead by sister''s jealous boyfriendTabloid Miss Honduras Alvarado shot dead by sister''s jealous boyfriendTabloid Miss Honduras Alvarado shot dead by sister''s jealous boyfriendTabloid Miss Honduras Alvarado shot dead by sister''s jealous boyfriendv', 19, 0, 'qxhoxod3hyqf6mx5c8xikjaodxunzpy934ukzvttllp6lmetz1.jpeg', '0000-00-00 00:00:00', NULL);
INSERT INTO `post` (`id`, `title`, `post`, `user_id`, `status`, `images`, `created`, `modified`) VALUES
(35, 'Tabloid Miss Honduras Alvarado shot dead by sister''s jealous boyfriend', 'Tabloid Miss Honduras Alvarado shot dead by sister''s jealous boyfriendTabloid Miss Honduras Alvarado shot dead by sister''s jealous boyfriendTabloid Miss Honduras Alvarado shot dead by sister''s jealous boyfriendTabloid Miss Honduras Alvarado shot dead by sister''s jealous boyfriendTabloid Miss Honduras Alvarado shot dead by sister''s jealous boyfriendTabloid Miss Honduras Alvarado shot dead by sister''s jealous boyfriendTabloid Miss Honduras Alvarado shot dead by sister''s jealous boyfriendTabloid Miss Honduras Alvarado shot dead by sister''s jealous boyfriendTabloid Miss Honduras Alvarado shot dead by sister''s jealous boyfriendTabloid Miss Honduras Alvarado shot dead by sister''s jealous boyfriendv\r\n\r\nTabloid Miss Honduras Alvarado shot dead by sister''s jealous boyfriendTabloid Miss Honduras Alvarado shot dead by sister''s jealous boyfriendTabloid Miss Honduras Alvarado shot dead by sister''s jealous boyfriendTabloid Miss Honduras Alvarado shot dead by sister''s jealous boyfriendTabloid Miss Honduras Alvarado shot dead by sister''s jealous boyfriendTabloid Miss Honduras Alvarado shot dead by sister''s jealous boyfriendTabloid Miss Honduras Alvarado shot dead by sister''s jealous boyfriendTabloid Miss Honduras Alvarado shot dead by sister''s jealous boyfriendTabloid Miss Honduras Alvarado shot dead by sister''s jealous boyfriendTabloid Miss Honduras Alvarado shot dead by sister''s jealous boyfriendTabloid Miss Honduras Alvarado shot dead by sister''s jealous boyfriendTabloid Miss Honduras Alvarado shot dead by sister''s jealous boyfriendv', 19, 0, 'qxhoxod3hyqf6mx5c8xikjaodxunzpy934ukzvttllp6lmetz1.jpeg', '0000-00-00 00:00:00', NULL),
(36, 'Tabloid Miss Honduras Alvarado shot dead by sister''s jealous boyfriend', 'Tabloid Miss Honduras Alvarado shot dead by sister''s jealous boyfriendTabloid Miss Honduras Alvarado shot dead by sister''s jealous boyfriendTabloid Miss Honduras Alvarado shot dead by sister''s jealous boyfriendTabloid Miss Honduras Alvarado shot dead by sister''s jealous boyfriendTabloid Miss Honduras Alvarado shot dead by sister''s jealous boyfriendTabloid Miss Honduras Alvarado shot dead by sister''s jealous boyfriendTabloid Miss Honduras Alvarado shot dead by sister''s jealous boyfriendTabloid Miss Honduras Alvarado shot dead by sister''s jealous boyfriendTabloid Miss Honduras Alvarado shot dead by sister''s jealous boyfriendv\r\n\r\nTabloid Miss Honduras Alvarado shot dead by sister''s jealous boyfriendTabloid Miss Honduras Alvarado shot dead by sister''s jealous boyfriendTabloid Miss Honduras Alvarado shot dead by sister''s jealous boyfriendTabloid Miss Honduras Alvarado shot dead by sister''s jealous boyfriendTabloid Miss Honduras Alvarado shot dead by sister''s jealous boyfriendTabloid Miss Honduras Alvarado shot dead by sister''s jealous boyfriendTabloid Miss Honduras Alvarado shot dead by sister''s jealous boyfriendTabloid Miss Honduras Alvarado shot dead by sister''s jealous boyfriendTabloid Miss Honduras Alvarado shot dead by sister''s jealous boyfriendTabloid Miss Honduras Alvarado shot dead by sister''s jealous boyfriendTabloid Miss Honduras Alvarado shot dead by sister''s jealous boyfriendTabloid Miss Honduras Alvarado shot dead by sister''s jealous boyfriendTabloid Miss Honduras Alvarado shot dead by sister''s jealous boyfriendTabloid Miss Honduras Alvarado shot dead by sister''s jealous boyfriendv', 19, 0, 'qxhoxod3hyqf6mx5c8xikjaodxunzpy934ukzvttllp6lmetz1.jpeg', '0000-00-00 00:00:00', NULL),
(37, 'Tabloid Miss Honduras Alvarado shot dead by sister''s jealous boyfriend', 'Tabloid Miss Honduras Alvarado shot dead by sister''s jealous boyfriendTabloid Miss Honduras Alvarado shot dead by sister''s jealous boyfriendTabloid Miss Honduras Alvarado shot dead by sister''s jealous boyfriendTabloid Miss Honduras Alvarado shot dead by sister''s jealous boyfriendTabloid Miss Honduras Alvarado shot dead by sister''s jealous boyfriendTabloid Miss Honduras Alvarado shot dead by sister''s jealous boyfriendTabloid Miss Honduras Alvarado shot dead by sister''s jealous boyfriendTabloid Miss Honduras Alvarado shot dead by sister''s jealous boyfriendTabloid Miss Honduras Alvarado shot dead by sister''s jealous boyfriendTabloid Miss Honduras Alvarado shot dead by sister''s jealous boyfriendTabloid Miss Honduras Alvarado shot dead by sister''s jealous boyfriendTabloid Miss Honduras Alvarado shot dead by sister''s jealous boyfriendvv\r\n\r\nTabloid Miss Honduras Alvarado shot dead by sister''s jealous boyfriendTabloid Miss Honduras Alvarado shot dead by sister''s jealous boyfriendTabloid Miss Honduras Alvarado shot dead by sister''s jealous boyfriendTabloid Miss Honduras Alvarado shot dead by sister''s jealous boyfriendTabloid Miss Honduras Alvarado shot dead by sister''s jealous boyfriendTabloid Miss Honduras Alvarado shot dead by sister''s jealous boyfriendTabloid Miss Honduras Alvarado shot dead by sister''s jealous boyfriendTabloid Miss Honduras Alvarado shot dead by sister''s jealous boyfriendTabloid Miss Honduras Alvarado shot dead by sister''s jealous boyfriendTabloid Miss Honduras Alvarado shot dead by sister''s jealous boyfriendTabloid Miss Honduras Alvarado shot dead by sister''s jealous boyfriendTabloid Miss Honduras Alvarado shot dead by sister''s jealous boyfriendTabloid Miss Honduras Alvarado shot dead by sister''s jealous boyfriendv', 19, 0, 'qxhoxod3hyqf6mx5c8xikjaodxunzpy934ukzvttllp6lmetz1.jpeg', '0000-00-00 00:00:00', NULL),
(38, 'All hail Amit Shah: Kolkata rally is the political coronation of Modi''s main man', 'All hail Amit Shah: Kolkata rally is the political coronation of Modi''s main manAll hail Amit Shah: Kolkata rally is the political coronation of Modi''s main manAll hail Amit Shah: Kolkata rally is the political coronation of Modi''s main manAll hail Amit Shah: Kolkata rally is the political coronation of Modi''s main manAll hail Amit Shah: Kolkata rally is the political coronation of Modi''s main manAll hail Amit Shah: Kolkata rally is the political coronation of Modi''s main manAll hail Amit Shah: Kolkata rally is the political coronation of Modi''s main manAll hail Amit Shah: Kolkata rally is the political coronation of Modi''s main manAll hail Amit Shah: Kolkata rally is the political coronation of Modi''s main manAll hail Amit Shah: Kolkata rally is the political coronation of Modi''s main manAll hail Amit Shah: Kolkata rally is the political coronation of Modi''s main man\r\nAll hail Amit Shah: Kolkata rally is the political coronation of Modi''s main manAll hail Amit Shah: Kolkata rally is the political coronation of Modi''s main manAll hail Amit Shah: Kolkata rally is the political coronation of Modi''s main manAll hail Amit Shah: Kolkata rally is the political coronation of Modi''s main manAll hail Amit Shah: Kolkata rally is the political coronation of Modi''s main manAll hail Amit Shah: Kolkata rally is the political coronation of Modi''s main manAll hail Amit Shah: Kolkata rally is the political coronation of Modi''s main manAll hail Amit Shah: Kolkata rally is the political coronation of Modi''s main manAll hail Amit Shah: Kolkata rally is the political coronation of Modi''s main manAll hail Amit Shah: Kolkata rally is the political coronation of Modi''s main manv', 19, 0, 'qxhoxod3hyqf6mx5c8xikjaodxunzpy934ukzvttllp6lmetz1.jpeg', '0000-00-00 00:00:00', NULL),
(39, 'Tabloid Miss Honduras Alvarado shot dead by sister''s jealous boyfriend', 'getFileNamegetFileNamegetFileNamegetFileNamegetFileNamegetFileNamegetFileNamegetFileNamegetFileNamegetFileNamegetFileNamegetFileNameTabloid Miss Honduras Alvarado shot dead by sister''s jealous boyfriendTabloid Miss Honduras Alvarado shot dead by sister''s jealous boyfriendTabloid Miss Honduras Alvarado shot dead by sister''s jealous boyfriendTabloid Miss Honduras Alvarado shot dead by sister''s jealous boyfriendTabloid Miss Honduras Alvarado shot dead by sister''s jealous boyfriendTabloid Miss Honduras Alvarado shot dead by sister''s jealous boyfriendTabloid Miss Honduras Alvarado shot dead by sister''s jealous boyfriendTabloid Miss Honduras Alvarado shot dead by sister''s jealous boyfriendTabloid Miss Honduras Alvarado shot dead by sister''s jealous boyfriendv\r\n\r\nTabloid Miss Honduras Alvarado shot dead by sister''s jealous boyfriendTabloid Miss Honduras Alvarado shot dead by sister''s jealous boyfriendTabloid Miss Honduras Alvarado shot dead by sister''s jealous boyfriendTabloid Miss Honduras Alvarado shot dead by sister''s jealous boyfriendTabloid Miss Honduras Alvarado shot dead by sister''s jealous boyfriendTabloid Miss Honduras Alvarado shot dead by sister''s jealous boyfriendTabloid Miss Honduras Alvarado shot dead by sister''s jealous boyfriendTabloid Miss Honduras Alvarado shot dead by sister''s jealous boyfriendTabloid Miss Honduras Alvarado shot dead by sister''s jealous boyfriendvv', 19, 1, 'qxhoxod3hyqf6mx5c8xikjaodxunzpy934ukzvttllp6lmetz1.jpeg', '0000-00-00 00:00:00', NULL),
(40, 'Ebola alert: Government says situation under control', 'Ebola alert: Government says situation under controlEbola alert: Government says situation under controlEbola alert: Government says situation under controlEbola alert: Government says situation under controlEbola alert: Government says situation under controlEbola alert: Government says situation under controlEbola alert: Government says situation under controlEbola alert: Government says situation under controlEbola alert: Government says situation under controlEbola alert: Government says situation under control\r\n\r\nEbola alert: Government says situation under controlEbola alert: Government says situation under controlEbola alert: Government says situation under controlEbola alert: Government says situation under controlEbola alert: Government says situation under controlEbola alert: Government says situation under controlEbola alert: Government says situation under controlEbola alert: Government says situation under controlEbola alert: Government says situation under controlEbola alert: Government says situation under controlEbola alert: Government says situation under controlEbola alert: Government says situation under controlv', 19, 0, 'qxhoxod3hyqf6mx5c8xikjaodxunzpy934ukzvttllp6lmetz1.jpeg', '0000-00-00 00:00:00', NULL),
(41, 'Herbs, spices may help boost heart''s health', 'Herbs, spices may help boost heart''s healthHerbs, spices may help boost heart''s healthHerbs, spices may help boost heart''s healthHerbs, spices may help boost heart''s healthHerbs, spices may help boost heart''s healthHerbs, spices may help boost heart''s healthHerbs, spices may help boost heart''s healthHerbs, spices may help boost heart''s healthHerbs, spices may help boost heart''s healthHerbs, spices may help boost heart''s health\r\n\r\nHerbs, spices may help boost heart''s healthHerbs, spices may help boost heart''s healthHerbs, spices may help boost heart''s healthHerbs, spices may help boost heart''s healthHerbs, spices may help boost heart''s healthHerbs, spices may help boost heart''s healthHerbs, spices may help boost heart''s healthHerbs, spices may help boost heart''s healthHerbs, spices may help boost heart''s healthvv', 19, 0, 'qxhoxod3hyqf6mx5c8xikjaodxunzpy934ukzvttllp6lmetz1.jpeg', '0000-00-00 00:00:00', NULL),
(42, 'Herbs, spices may help boost heart''s health', 'Herbs, spices may help boost heart''s healthHerbs, spices may help boost heart''s healthHerbs, spices may help boost heart''s healthHerbs, spices may help boost heart''s healthHerbs, spices may help boost heart''s healthHerbs, spices may help boost heart''s healthHerbs, spices may help boost heart''s healthHerbs, spices may help boost heart''s healthHerbs, spices may help boost heart''s healthHerbs, spices may help boost heart''s health\r\nHerbs, spices may help boost heart''s healthHerbs, spices may help boost heart''s healthHerbs, spices may help boost heart''s healthHerbs, spices may help boost heart''s healthHerbs, spices may help boost heart''s healthHerbs, spices may help boost heart''s healthHerbs, spices may help boost heart''s healthHerbs, spices may help boost heart''s healthHerbs, spices may help boost heart''s healthHerbs, spices may help boost heart''s healthHerbs, spices may help boost heart''s healthHerbs, spices may help boost heart''s healthv', 19, 0, 'qxhoxod3hyqf6mx5c8xikjaodxunzpy934ukzvttllp6lmetz1.jpeg', '0000-00-00 00:00:00', NULL),
(43, 'Herbs, spices may help boost heart''s health', 'Herbs, spices may help boost heart''s healthHerbs, spices may help boost heart''s healthHerbs, spices may help boost heart''s healthHerbs, spices may help boost heart''s healthHerbs, spices may help boost heart''s healthHerbs, spices may help boost heart''s healthHerbs, spices may help boost heart''s healthHerbs, spices may help boost heart''s healthHerbs, spices may help boost heart''s healthHerbs, spices may help boost heart''s healthHerbs, spices may help boost heart''s healthHerbs, spices may help boost heart''s healthv\r\n\r\nHerbs, spices may help boost heart''s healthHerbs, spices may help boost heart''s healthHerbs, spices may help boost heart''s healthHerbs, spices may help boost heart''s healthHerbs, spices may help boost heart''s healthHerbs, spices may help boost heart''s healthHerbs, spices may help boost heart''s healthHerbs, spices may help boost heart''s healthHerbs, spices may help boost heart''s healthHerbs, spices may help boost heart''s healthHerbs, spices may help boost heart''s healthHerbs, spices may help boost heart''s healthHerbs, spices may help boost heart''s healthv\r\n\r\n\r\nHerbs, spices may help boost heart''s healthHerbs, spices may help boost heart''s healthHerbs, spices may help boost heart''s healthHerbs, spices may help boost heart''s healthHerbs, spices may help boost heart''s healthHerbs, spices may help boost heart''s healthHerbs, spices may help boost heart''s healthHerbs, spices may help boost heart''s healthHerbs, spices may help boost heart''s healthHerbs, spices may help boost heart''s healthHerbs, spices may help boost heart''s healthHerbs, spices may help boost heart''s healthHerbs, spices may help boost heart''s healthHerbs, spices may help boost heart''s healthHerbs, spices may help boost heart''s healthHerbs, spices may help boost heart''s healthHerbs, spices may help boost heart''s healthHerbs, spices may help boost heart''s healthHerbs, spices may help boost heart''s healthv\r\n\r\nHerbs, spices may help boost heart''s healthHerbs, spices may help boost heart''s healthHerbs, spices may help boost heart''s healthHerbs, spices may help boost heart''s healthHerbs, spices may help boost heart''s healthHerbs, spices may help boost heart''s healthHerbs, spices may help boost heart''s healthHerbs, spices may help boost heart''s healthHerbs, spices may help boost heart''s healthHerbs, spices may help boost heart''s healthHerbs, spices may help boost heart''s healthHerbs, spices may help boost heart''s healthHerbs, spices may help boost heart''s healthHerbs, spices may help boost heart''s healthHerbs, spices may help boost heart''s health\r\n\r\n', 19, 0, 'qxhoxod3hyqf6mx5c8xikjaodxunzpy934ukzvttllp6lmetz1.jpeg', '0000-00-00 00:00:00', NULL),
(44, 'Samsung to Launch Budget ''Z1'' Tizen Phone in India This Month: Report', 'Samsung to Launch Budget ''Z1'' Tizen Phone in India This Month: ReportSamsung to Launch Budget ''Z1'' Tizen Phone in India This Month: ReportSamsung to Launch Budget ''Z1'' Tizen Phone in India This Month: ReportSamsung to Launch Budget ''Z1'' Tizen Phone in India This Month: ReportSamsung to Launch Budget ''Z1'' Tizen Phone in India This Month: ReportSamsung to Launch Budget ''Z1'' Tizen Phone in India This Month: ReportSamsung to Launch Budget ''Z1'' Tizen Phone in India This Month: ReportSamsung to Launch Budget ''Z1'' Tizen Phone in India This Month: ReportSamsung to Launch Budget ''Z1'' Tizen Phone in India This Month: ReportSamsung to Launch Budget ''Z1'' Tizen Phone in India This Month: ReportSamsung to Launch Budget ''Z1'' Tizen Phone in India This Month: ReportSamsung to Launch Budget ''Z1'' Tizen Phone in India This Month: ReportSamsung to Launch Budget ''Z1'' Tizen Phone in India This Month: Report\r\n\r\n\r\nSamsung to Launch Budget ''Z1'' Tizen Phone in India This Month: ReportSamsung to Launch Budget ''Z1'' Tizen Phone in India This Month: ReportSamsung to Launch Budget ''Z1'' Tizen Phone in India This Month: ReportSamsung to Launch Budget ''Z1'' Tizen Phone in India This Month: ReportSamsung to Launch Budget ''Z1'' Tizen Phone in India This Month: ReportSamsung to Launch Budget ''Z1'' Tizen Phone in India This Month: ReportSamsung to Launch Budget ''Z1'' Tizen Phone in India This Month: ReportSamsung to Launch Budget ''Z1'' Tizen Phone in India This Month: ReportSamsung to Launch Budget ''Z1'' Tizen Phone in India This Month: ReportSamsung to Launch Budget ''Z1'' Tizen Phone in India This Month: ReportSamsung to Launch Budget ''Z1'' Tizen Phone in India This Month: ReportSamsung to Launch Budget ''Z1'' Tizen Phone in India This Month: ReportSamsung to Launch Budget ''Z1'' Tizen Phone in India This Month: ReportSamsung to Launch Budget ''Z1'' Tizen Phone in India This Month: Report', 19, 0, 'qxhoxod3hyqf6mx5c8xikjaodxunzpy934ukzvttllp6lmetz1.jpeg', '0000-00-00 00:00:00', NULL),
(45, 'Tabloid Miss Honduras Alvarado shot dead by sister''s jealous boyfriend', 'Tabloid Miss Honduras Alvarado shot dead by sister''s jealous boyfriendTabloid Miss Honduras Alvarado shot dead by sister''s jealous boyfriendTabloid Miss Honduras Alvarado shot dead by sister''s jealous boyfriendTabloid Miss Honduras Alvarado shot dead by sister''s jealous boyfriendTabloid Miss Honduras Alvarado shot dead by sister''s jealous boyfriendTabloid Miss Honduras Alvarado shot dead by sister''s jealous boyfriendTabloid Miss Honduras Alvarado shot dead by sister''s jealous boyfriendTabloid Miss Honduras Alvarado shot dead by sister''s jealous boyfriendTabloid Miss Honduras Alvarado shot dead by sister''s jealous boyfriendTabloid Miss Honduras Alvarado shot dead by sister''s jealous boyfriendTabloid Miss Honduras Alvarado shot dead by sister''s jealous boyfriendTabloid Miss Honduras Alvarado shot dead by sister''s jealous boyfriend\r\n\r\nTabloid Miss Honduras Alvarado shot dead by sister''s jealous boyfriendTabloid Miss Honduras Alvarado shot dead by sister''s jealous boyfriendTabloid Miss Honduras Alvarado shot dead by sister''s jealous boyfriendTabloid Miss Honduras Alvarado shot dead by sister''s jealous boyfriendTabloid Miss Honduras Alvarado shot dead by sister''s jealous boyfriendTabloid Miss Honduras Alvarado shot dead by sister''s jealous boyfriendTabloid Miss Honduras Alvarado shot dead by sister''s jealous boyfriendTabloid Miss Honduras Alvarado shot dead by sister''s jealous boyfriendTabloid Miss Honduras Alvarado shot dead by sister''s jealous boyfriendTabloid Miss Honduras Alvarado shot dead by sister''s jealous boyfriendTabloid Miss Honduras Alvarado shot dead by sister''s jealous boyfriendTabloid Miss Honduras Alvarado shot dead by sister''s jealous boyfriend', 19, 0, 'qxhoxod3hyqf6mx5c8xikjaodxunzpy934ukzvttllp6lmetz1.jpeg', '0000-00-00 00:00:00', NULL),
(46, 'Samsung to Launch Budget ''Z1'' Tizen Phone in India This Month: Report', 'Samsung to Launch Budget ''Z1'' Tizen Phone in India This Month: ReportSamsung to Launch Budget ''Z1'' Tizen Phone in India This Month: ReportSamsung to Launch Budget ''Z1'' Tizen Phone in India This Month: ReportSamsung to Launch Budget ''Z1'' Tizen Phone in India This Month: ReportSamsung to Launch Budget ''Z1'' Tizen Phone in India This Month: ReportSamsung to Launch Budget ''Z1'' Tizen Phone in India This Month: ReportSamsung to Launch Budget ''Z1'' Tizen Phone in India This Month: ReportSamsung to Launch Budget ''Z1'' Tizen Phone in India This Month: ReportSamsung to Launch Budget ''Z1'' Tizen Phone in India This Month: Reportv\r\n\r\nSamsung to Launch Budget ''Z1'' Tizen Phone in India This Month: ReportSamsung to Launch Budget ''Z1'' Tizen Phone in India This Month: ReportSamsung to Launch Budget ''Z1'' Tizen Phone in India This Month: ReportSamsung to Launch Budget ''Z1'' Tizen Phone in India This Month: Report', 19, 0, 'qxhoxod3hyqf6mx5c8xikjaodxunzpy934ukzvttllp6lmetz1.jpeg', '0000-00-00 00:00:00', NULL),
(47, 'Ebola alert: Government says situation under control', 'Ebola alert: Government says situation under controlEbola alert: Government says situation under controlEbola alert: Government says situation under controlEbola alert: Government says situation under controlEbola alert: Government says situation under controlEbola alert: Government says situation under controlEbola alert: Government says situation under controlEbola alert: Government says situation under controlEbola alert: Government says situation under controlEbola alert: Government says situation under control\r\n\r\nEbola alert: Government says situation under control', 19, 0, 'qxhoxod3hyqf6mx5c8xikjaodxunzpy934ukzvttllp6lmetz1.jpeg', '0000-00-00 00:00:00', NULL),
(48, 'All hail Amit Shah: Kolkata rally is the political coronation of Modi''s main man', 'All hail Amit Shah: Kolkata rally is the political coronation of Modi''s main manAll hail Amit Shah: Kolkata rally is the political coronation of Modi''s main manAll hail Amit Shah: Kolkata rally is the political coronation of Modi''s main manAll hail Amit Shah: Kolkata rally is the political coronation of Modi''s main manAll hail Amit Shah: Kolkata rally is the political coronation of Modi''s main manAll hail Amit Shah: Kolkata rally is the political coronation of Modi''s main manAll hail Amit Shah: Kolkata rally is the political coronation of Modi''s main manAll hail Amit Shah: Kolkata rally is the political coronation of Modi''s main manAll hail Amit Shah: Kolkata rally is the political coronation of Modi''s main man\r\n\r\nAll hail Amit Shah: Kolkata rally is the political coronation of Modi''s main manAll hail Amit Shah: Kolkata rally is the political coronation of Modi''s main manAll hail Amit Shah: Kolkata rally is the political coronation of Modi''s main manAll hail Amit Shah: Kolkata rally is the political coronation of Modi''s main manAll hail Amit Shah: Kolkata rally is the political coronation of Modi''s main manAll hail Amit Shah: Kolkata rally is the political coronation of Modi''s main manAll hail Amit Shah: Kolkata rally is the political coronation of Modi''s main manAll hail Amit Shah: Kolkata rally is the political coronation of Modi''s main manAll hail Amit Shah: Kolkata rally is the political coronation of Modi''s main manAll hail Amit Shah: Kolkata rally is the political coronation of Modi''s main manAll hail Amit Shah: Kolkata rally is the political coronation of Modi''s main manAll hail Amit Shah: Kolkata rally is the political coronation of Modi''s main manv', 19, 0, 'qxhoxod3hyqf6mx5c8xikjaodxunzpy934ukzvttllp6lmetz1.jpeg', '0000-00-00 00:00:00', NULL),
(49, 'Herbs, spices may help boost heart''s health', 'Herbs, spices may help boost heart''s healthHerbs, spices may help boost heart''s healthHerbs, spices may help boost heart''s healthHerbs, spices may help boost heart''s healthHerbs, spices may help boost heart''s healthHerbs, spices may help boost heart''s healthHerbs, spices may help boost heart''s healthHerbs, spices may help boost heart''s healthHerbs, spices may help boost heart''s healthHerbs, spices may help boost heart''s healthHerbs, spices may help boost heart''s healthHerbs, spices may help boost heart''s healthHerbs, spices may help boost heart''s healthHerbs, spices may help boost heart''s healthHerbs, spices may help boost heart''s healthHerbs, spices may help boost heart''s healthHerbs, spices may help boost heart''s healthHerbs, spices may help boost heart''s healthHerbs, spices may help boost heart''s healthHerbs, spices may help boost heart''s healthHerbs, spices may help boost heart''s healthHerbs, spices may help boost heart''s healthHerbs, spices may help boost heart''s health\r\n\r\n\r\nHerbs, spices may help boost heart''s healthHerbs, spices may help boost heart''s healthHerbs, spices may help boost heart''s healthHerbs, spices may help boost heart''s healthHerbs, spices may help boost heart''s healthHerbs, spices may help boost heart''s healthHerbs, spices may help boost heart''s healthHerbs, spices may help boost heart''s healthHerbs, spices may help boost heart''s healthHerbs, spices may help boost heart''s healthHerbs, spices may help boost heart''s healthHerbs, spices may help boost heart''s healthHerbs, spices may help boost heart''s healthHerbs, spices may help boost heart''s healthHerbs, spices may help boost heart''s healthHerbs, spices may help boost heart''s healthHerbs, spices may help boost heart''s healthHerbs, spices may help boost heart''s healthHerbs, spices may help boost heart''s healthHerbs, spices may help boost heart''s healthvvv', 19, 0, 'qxhoxod3hyqf6mx5c8xikjaodxunzpy934ukzvttllp6lmetz1.jpeg', '0000-00-00 00:00:00', NULL),
(50, 'Samsung to Launch Budget ''Z1'' Tizen Phone in India This Month: Report', 'Samsung to Launch Budget ''Z1'' Tizen Phone in India This Month: ReportSamsung to Launch Budget ''Z1'' Tizen Phone in India This Month: ReportSamsung to Launch Budget ''Z1'' Tizen Phone in India This Month: ReportSamsung to Launch Budget ''Z1'' Tizen Phone in India This Month: Report\r\n\r\nSamsung to Launch Budget ''Z1'' Tizen Phone in India This Month: ReportSamsung to Launch Budget ''Z1'' Tizen Phone in India This Month: ReportSamsung to Launch Budget ''Z1'' Tizen Phone in India This Month: ReportSamsung to Launch Budget ''Z1'' Tizen Phone in India This Month: ReportSamsung to Launch Budget ''Z1'' Tizen Phone in India This Month: ReportSamsung to Launch Budget ''Z1'' Tizen Phone in India This Month: ReportSamsung to Launch Budget ''Z1'' Tizen Phone in India This Month: ReportSamsung to Launch Budget ''Z1'' Tizen Phone in India This Month: ReportSamsung to Launch Budget ''Z1'' Tizen Phone in India This Month: ReportSamsung to Launch Budget ''Z1'' Tizen Phone in India This Month: ReportSamsung to Launch Budget ''Z1'' Tizen Phone in India This Month: ReportSamsung to Launch Budget ''Z1'' Tizen Phone in India This Month: Report\r\n\r\nSamsung to Launch Budget ''Z1'' Tizen Phone in India This Month: Report', 19, 0, 'qctjwrcfq03xxpceoodqqa9i6rcvgsbaai8ba1uujwuz9idqua.jpeg', '0000-00-00 00:00:00', NULL),
(51, 'All hail Amit Shah: Kolkata rally is the political coronation of Modi''s main man', 'All hail Amit Shah: Kolkata rally is the political coronation of Modi''s main manAll hail Amit Shah: Kolkata rally is the political coronation of Modi''s main manAll hail Amit Shah: Kolkata rally is the political coronation of Modi''s main manAll hail Amit Shah: Kolkata rally is the political coronation of Modi''s main manAll hail Amit Shah: Kolkata rally is the political coronation of Modi''s main manAll hail Amit Shah: Kolkata rally is the political coronation of Modi''s main manAll hail Amit Shah: Kolkata rally is the political coronation of Modi''s main manAll hail Amit Shah: Kolkata rally is the political coronation of Modi''s main manAll hail Amit Shah: Kolkata rally is the political coronation of Modi''s main manAll hail Amit Shah: Kolkata rally is the political coronation of Modi''s main manAll hail Amit Shah: Kolkata rally is the political coronation of Modi''s main manAll hail Amit Shah: Kolkata rally is the political coronation of Modi''s main man\r\n\r\nAll hail Amit Shah: Kolkata rally is the political coronation of Modi''s main manAll hail Amit Shah: Kolkata rally is the political coronation of Modi''s main manAll hail Amit Shah: Kolkata rally is the political coronation of Modi''s main manAll hail Amit Shah: Kolkata rally is the political coronation of Modi''s main manAll hail Amit Shah: Kolkata rally is the political coronation of Modi''s main manAll hail Amit Shah: Kolkata rally is the political coronation of Modi''s main man', 19, 0, 'jpvmlz3ytayk3cl4atmqgpdkod94r6c7x2lfh3xy1sddbtlj1v.jpg', '0000-00-00 00:00:00', NULL),
(52, 'How will the 5G network change the world?', 'With the 4G telecommunications systems now starting to be deployed, eyes are looking towards the development of 5th generation or 5G technology and services.\r\n\r\nAlthough the deployment of any cellular system takes many years, development of the 5G technology systems is being investigated. The new 5G technologies will need to be chosen developed and perfected to enable timely and reliable deployment.\r\n\r\nThe new 5th generation, 5G technology for cellular systems will probably start to come to fruition around 2020 with deployment following on afterwards.', 19, 0, '5yqhxcfm8n1jcxuyorkf586cqkz96pcwdpehihk39v8heq2wue.jpg', '0000-00-00 00:00:00', NULL),
(53, 'Are there likely to be any benefits aside from speed?', 'Are there likely to be any benefits aside from speed?\r\nRead more at http://www.trustedreviews.com/opinions/what-is-5g-a-rough-guide-to-the-next-generation-of-mobile-networks#YuwPUlypLVdebTgJ.99', 19, 0, '6y37foz969bqyuih33qglxn2v4bvnke7b1uj9tj9yx6lhc1g2u.png', '0000-00-00 00:00:00', NULL);

-- --------------------------------------------------------

--
-- Table structure for table `postcomments`
--

CREATE TABLE IF NOT EXISTS `postcomments` (
  `id` int(11) NOT NULL AUTO_INCREMENT,
  `user_id` int(11) NOT NULL,
  `post_id` int(11) NOT NULL,
  `comment` text NOT NULL,
  `created` datetime NOT NULL,
  PRIMARY KEY (`id`)
) ENGINE=InnoDB  DEFAULT CHARSET=latin1 AUTO_INCREMENT=140 ;

--
-- Dumping data for table `postcomments`
--

INSERT INTO `postcomments` (`id`, `user_id`, `post_id`, `comment`, `created`) VALUES
(70, 19, 53, 'Hellot his is new comment', '2014-12-03 18:19:13'),
(71, 19, 53, 'Hello tis isd', '2014-12-03 18:19:20'),
(72, 19, 53, 'dasd', '2014-12-03 18:19:20'),
(73, 19, 53, 'd', '2014-12-03 18:19:21'),
(74, 19, 53, '', '2014-12-03 18:19:21'),
(75, 19, 53, 'da', '2014-12-03 18:19:21'),
(76, 19, 53, 'd', '2014-12-03 18:19:21'),
(77, 19, 50, 'dasdasd', '2014-12-03 18:20:02'),
(78, 19, 50, 'dasd', '2014-12-03 18:20:03'),
(79, 19, 50, 'as', '2014-12-03 18:20:03'),
(80, 19, 50, 'asdas', '2014-12-03 18:20:03'),
(81, 19, 50, 'asdasd', '2014-12-03 18:20:04'),
(82, 19, 50, 'd', '2014-12-03 18:20:04'),
(83, 19, 51, 'dasdas', '2014-12-03 18:20:09'),
(84, 19, 51, 'das', '2014-12-03 18:20:09'),
(85, 19, 48, 'Hello thsi is new test', '2014-12-03 18:20:24'),
(86, 19, 48, 'dasd', '2014-12-03 18:20:25'),
(87, 19, 48, '', '2014-12-03 18:20:25'),
(88, 19, 48, '', '2014-12-03 18:20:25'),
(89, 19, 52, 'dasda', '2014-12-03 18:20:39'),
(90, 19, 52, 'a', '2014-12-03 18:20:39'),
(91, 19, 52, 'asd', '2014-12-03 18:20:40'),
(92, 19, 52, 'das', '2014-12-03 18:20:41'),
(93, 19, 52, 'as', '2014-12-03 18:20:41'),
(94, 19, 52, 'asd', '2014-12-03 18:20:42'),
(95, 19, 52, 'd', '2014-12-03 18:20:42'),
(96, 19, 52, 'dasd', '2014-12-03 18:20:54'),
(97, 19, 52, '', '2014-12-03 18:20:54'),
(98, 19, 52, 'asd', '2014-12-03 18:20:54'),
(99, 19, 52, 'asdas', '2014-12-03 18:20:54'),
(100, 19, 50, 'dasd', '2014-12-03 18:21:08'),
(101, 19, 50, '', '2014-12-03 18:21:08'),
(102, 19, 50, 'as', '2014-12-03 18:21:08'),
(103, 19, 50, '', '2014-12-03 18:21:08'),
(104, 19, 50, '', '2014-12-03 18:21:08'),
(105, 19, 50, '', '2014-12-03 18:21:09'),
(106, 19, 50, '', '2014-12-03 18:21:09'),
(107, 19, 50, 'das', '2014-12-03 18:21:16'),
(108, 19, 50, 's', '2014-12-03 18:21:16'),
(109, 19, 50, '', '2014-12-03 18:21:16'),
(110, 19, 50, 'sd', '2014-12-03 18:21:16'),
(111, 19, 50, 's', '2014-12-03 18:21:16'),
(112, 19, 50, 'a', '2014-12-03 18:21:17'),
(113, 19, 50, 'sd', '2014-12-03 18:21:17'),
(114, 19, 50, 'asd', '2014-12-03 18:21:17'),
(115, 19, 50, 'dddddddd', '2014-12-03 18:21:19'),
(116, 19, 50, 'dddddddd', '2014-12-03 18:21:19'),
(117, 19, 50, '', '2014-12-03 18:21:19'),
(118, 19, 50, '', '2014-12-03 18:21:19'),
(119, 19, 50, '', '2014-12-03 18:21:19'),
(120, 19, 50, '', '2014-12-03 18:21:19'),
(121, 19, 50, 'ddd', '2014-12-03 18:21:20'),
(122, 19, 50, 'ddd', '2014-12-03 18:21:20'),
(123, 20, 52, 'Hello this is ', '2014-12-03 18:25:30'),
(124, 20, 52, 'dasd', '2014-12-03 18:25:33'),
(125, 20, 52, 'dasd', '2014-12-03 18:32:45'),
(126, 20, 52, 'dasdd', '2014-12-03 18:32:45'),
(127, 20, 52, 'd', '2014-12-03 18:32:45'),
(128, 20, 52, 'as', '2014-12-03 18:32:45'),
(129, 20, 52, 'asd', '2014-12-03 18:32:46'),
(130, 20, 52, 'Hello this is nerw tesst', '2014-12-03 18:32:59'),
(131, 20, 52, 'Hello thsi is ', '2014-12-03 18:33:13'),
(132, 20, 50, '', '2014-12-03 18:33:51'),
(133, 20, 50, 'dasd', '2014-12-03 18:37:07'),
(134, 20, 50, 'dasd', '2014-12-03 18:37:25'),
(135, 20, 50, 'Pleasdecasdasd', '2014-12-03 18:37:42'),
(136, 20, 50, 'as', '2014-12-03 18:37:42'),
(137, 20, 50, ' ', '2014-12-03 18:37:42'),
(138, 20, 50, 'as', '2014-12-03 18:37:43'),
(139, 20, 50, 'd', '2014-12-03 18:37:43');

-- --------------------------------------------------------

--
-- Table structure for table `privilage`
--

CREATE TABLE IF NOT EXISTS `privilage` (
  `id` int(11) NOT NULL AUTO_INCREMENT,
  `role_id` int(11) NOT NULL,
  `module` varchar(100) NOT NULL,
  `controller` varchar(100) NOT NULL,
  `action` varchar(100) NOT NULL,
  PRIMARY KEY (`id`)
) ENGINE=InnoDB DEFAULT CHARSET=latin1 AUTO_INCREMENT=1 ;

-- --------------------------------------------------------

--
-- Table structure for table `role`
--

CREATE TABLE IF NOT EXISTS `role` (
  `id` int(11) NOT NULL AUTO_INCREMENT,
  `role_name` varchar(100) NOT NULL,
  PRIMARY KEY (`id`)
) ENGINE=InnoDB  DEFAULT CHARSET=latin1 AUTO_INCREMENT=4 ;

--
-- Dumping data for table `role`
--

INSERT INTO `role` (`id`, `role_name`) VALUES
(1, 'Admin'),
(2, 'User'),
(3, 'Guest');

-- --------------------------------------------------------

--
-- Table structure for table `user`
--

CREATE TABLE IF NOT EXISTS `user` (
  `id` int(11) NOT NULL AUTO_INCREMENT,
  `first_name` varchar(100) NOT NULL,
  `last_name` varchar(100) NOT NULL,
  `username` varchar(100) NOT NULL,
  `password` varchar(100) NOT NULL,
  `rememberme` int(11) NOT NULL,
  `email_address` varchar(225) NOT NULL,
  `country` int(11) NOT NULL,
  `passport_image` varchar(225) NOT NULL,
  `is_accept_invitation` int(1) NOT NULL DEFAULT '0',
  `status` int(1) NOT NULL DEFAULT '0',
  PRIMARY KEY (`id`)
) ENGINE=InnoDB  DEFAULT CHARSET=latin1 AUTO_INCREMENT=29 ;

--
-- Dumping data for table `user`
--

INSERT INTO `user` (`id`, `first_name`, `last_name`, `username`, `password`, `rememberme`, `email_address`, `country`, `passport_image`, `is_accept_invitation`, `status`) VALUES
(19, 'Pradeep', 'Kumar', 'pradeep', 'e10adc3949ba59abbe56e057f20f883e', 0, 'pradeep@gmail.com', 0, '', 0, 0),
(20, 'Rahul', 'Kumar', 'rahulk', 'e10adc3949ba59abbe56e057f20f883e', 0, 'rahul@gmail.com', 0, '', 0, 1),
(22, 'Subadmin', 'Kumar', 'subadmin', '', 0, 'subadmin@gmail.com', 0, '', 0, 1),
(24, 'Rahul', 'Kumar', 'subadmin2', '', 0, 'raj@gmail.com', 0, '', 0, 0),
(26, 'Pradeep', 'Kumar', 'Superadmin', '', 0, 'asdasd', 0, '', 0, 0),
(27, 'Pradeep', 'Kumar', 'admin2', '', 0, 'asdasd', 0, '', 0, 0),
(28, 'Pradeep', 'Kumar', 'pratt.service', '', 0, 'asdasd', 0, '', 0, 0);

-- --------------------------------------------------------

--
-- Table structure for table `userrole`
--

CREATE TABLE IF NOT EXISTS `userrole` (
  `user_id` int(11) NOT NULL,
  `role_id` int(11) NOT NULL
) ENGINE=InnoDB DEFAULT CHARSET=latin1;

--
-- Dumping data for table `userrole`
--

INSERT INTO `userrole` (`user_id`, `role_id`) VALUES
(19, 1),
(20, 2);

/*!40101 SET CHARACTER_SET_CLIENT=@OLD_CHARACTER_SET_CLIENT */;
/*!40101 SET CHARACTER_SET_RESULTS=@OLD_CHARACTER_SET_RESULTS */;
/*!40101 SET COLLATION_CONNECTION=@OLD_COLLATION_CONNECTION */;
